Name,Purpose
Lang PLC,Public-key disintermediate focus group for generate revolutionary technologies
Dean Group,Proactive responsive hub for orchestrate plug-and-play initiatives
Wright Inc,Ergonomic tertiary success for leverage world-class metrics
Bennett PLC,Balanced systemic framework for innovate transparent partnerships
"Hinton, French and Williams",Synchronized discrete hierarchy for streamline virtual networks
Richardson-Nash,Diverse demand-driven website for engineer user-centric action-items
Richard-Lopez,Networked disintermediate focus group for strategize sticky web services
"Morales, Anderson and Martin",Versatile zero administration neural-net for incentivize seamless info-mediaries
"Murray, Hahn and Jimenez",Function-based interactive benchmark for syndicate e-business infrastructures
Peterson LLC,Polarized human-resource collaboration for expedite virtual technologies
Jones LLC,Networked local architecture for engage bricks-and-clicks communities
"Torres, Clay and Perry",Secured coherent capacity for synthesize rich technologies
"Bridges, Sullivan and Franklin",Inverse optimizing project for enable dot-com methodologies
Marshall PLC,Adaptive intermediate capacity for architect out-of-the-box action-items
"Wagner, Morton and Vaughn",Quality-focused reciprocal protocol for facilitate killer e-commerce
Roberts Inc,Optional systematic forecast for generate extensible content
Kim-Johnson,Visionary responsive analyzer for productize best-of-breed niches
"Thornton, Stewart and David",Optimized optimizing initiative for monetize robust supply-chains
Mercado Ltd,Ameliorated bottom-line benchmark for generate strategic synergies
Sexton-Conway,Multi-layered empowering solution for engineer e-business solutions
Moore-Brown,Implemented national protocol for empower wireless e-services
Greene and Sons,Integrated transitional conglomeration for implement efficient solutions
Casey Inc,Persevering optimal capability for empower customized content
Nguyen LLC,Compatible bandwidth-monitored complexity for syndicate clicks-and-mortar info-mediaries
Cox Ltd,Extended leadingedge synergy for incubate viral supply-chains
"Cardenas, Lee and Charles",Distributed radical attitude for exploit granular e-commerce
"Turner, Hodges and Ray",Reactive modular installation for disintermediate end-to-end deliverables
"Weaver, Galvan and Grant",Universal impactful hub for brand wireless functionalities
"Ibarra, Lee and Gill",Programmable intermediate utilization for generate out-of-the-box interfaces
"Coleman, Mccoy and Bryant",Persistent 6thgeneration solution for maximize global synergies
White-Morgan,Switchable explicit open system for generate value-added mindshare
Hughes PLC,Progressive user-facing orchestration for orchestrate clicks-and-mortar web services
Davis-Ward,Profound 6thgeneration utilization for synthesize viral info-mediaries
Moore Ltd,Enhanced fresh-thinking synergy for repurpose user-centric supply-chains
"Sanders, Wise and Taylor",Diverse systematic initiative for streamline innovative supply-chains
Harris-Carr,Ameliorated composite workforce for enable 24/365 content
"Martinez, Wise and Haynes",Visionary bifurcated moratorium for mesh user-centric e-commerce
Morales-Johnson,Vision-oriented motivating Graphical User Interface for monetize strategic web services
Hernandez-Flores,Innovative exuding protocol for drive clicks-and-mortar mindshare
"Whitehead, Johnson and Harrison",Public-key eco-centric leverage for unleash user-centric mindshare
"Edwards, Evans and Brown",Reduced 24/7 portal for engage interactive e-services
Wilson and Sons,Extended solution-oriented strategy for orchestrate customized portals
Howard-Schmidt,Organic object-oriented matrices for orchestrate magnetic functionalities
Jones and Sons,Customer-focused methodical knowledge user for expedite impactful initiatives
"Dennis, Taylor and Williams",Balanced optimizing utilization for incubate 24/365 e-markets
Cook Inc,Decentralized attitude-oriented core for enable visionary architectures
"Green, Robertson and Foster",Persistent zero tolerance matrix for enable revolutionary markets
Warren-Kelly,Down-sized 5thgeneration leverage for scale dot-com deliverables
Henson and Sons,Ergonomic holistic hierarchy for visualize front-end infrastructures
Johnson-Powell,Fundamental multi-state framework for streamline value-added e-business
